{
  "score_zh.jsonl": {
    "Sentences_Precision": 0.0,
    "Sentences_Recall": 0.0,
    "Words_Precision": 0.1672600309235209,
    "Words_Recall": 0.33497416064650165,
    "ROUGELScore": 0.10181895412159576,
    "completeness": 0.34285714285714286,
    "hallucination": 0.047619047619047616,
    "irrelevance": 0.6095238095238095,
    "Words_F1": 0.22311419416972456,
    "Sentences_F1": 0.0,
    "factual_score": 0.29523809523809524,
    "Generation_Total_Score": 0.1985285246798455,
    "Retrieval_Total_Score": 0.11155709708486228
  },
  "score_en.jsonl": {
    "Sentences_Precision": 0.0,
    "Sentences_Recall": 0.0,
    "Words_Precision": 0.23574453819989535,
    "Words_Recall": 0.16707663313736834,
    "ROUGELScore": 0.06959623492876221,
    "completeness": 0.36041666666666666,
    "hallucination": 0.2958333333333333,
    "irrelevance": 0.34375,
    "Words_F1": 0.19555776372034311,
    "Sentences_F1": 0.0,
    "factual_score": 0.06458333333333338,
    "Generation_Total_Score": 0.0670897841310478,
    "Retrieval_Total_Score": 0.09777888186017156
  }
}