{
  "score_zh.jsonl": {
    "Sentences_Precision": 0.12924744120502357,
    "Sentences_Recall": 0.645094921000117,
    "Words_Precision": 0.2188939941894553,
    "Words_Recall": 0.7679251109094576,
    "ROUGELScore": 0.451974139644505,
    "completeness": 0.5925925925925927,
    "hallucination": 0.1111111111111111,
    "irrelevance": 0.2962962962962963,
    "Words_F1": 0.3406788415360135,
    "Sentences_F1": 0.21534884811463678,
    "factual_score": 0.48148148148148157,
    "Generation_Total_Score": 0.4667278105629933,
    "Retrieval_Total_Score": 0.27801384482532515
  },
  "score_en.jsonl": {
    "Sentences_Precision": 0.09648879299956256,
    "Sentences_Recall": 0.5221659851225656,
    "Words_Precision": 0.20157725552125405,
    "Words_Recall": 0.6950599337779633,
    "ROUGELScore": 0.38091280692950236,
    "completeness": 0.4833333333333334,
    "hallucination": 0.03333333333333333,
    "irrelevance": 0.4833333333333333,
    "Words_F1": 0.3125194349416859,
    "Sentences_F1": 0.16287974305423628,
    "factual_score": 0.45000000000000007,
    "Generation_Total_Score": 0.4154564034647512,
    "Retrieval_Total_Score": 0.23769958899796106
  }
}