{
  "predictions_en_eval.jsonl": {
    "Sentences_Precision": 0.043606742930032354,
    "Sentences_Recall": 0.4444962598726103,
    "Words_Precision": 0.17863523856545907,
    "Words_Recall": 0.7500584171110539,
    "ROUGELScore": 0.24341328923932826,
    "completeness": 0.39479166666666665,
    "hallucination": 0.4302083333333333,
    "irrelevance": 0.175,
    "Words_F1": 0.2885491108067495,
    "Sentences_F1": 0.07942190081327166,
    "factual_score": -0.03541666666666665,
    "Generation_Total_Score": 0.1039983112863308,
    "Retrieval_Total_Score": 0.18398550581001058
  },
  "score_zh.jsonl": {
    "Sentences_Precision": 0.010317460317460317,
    "Sentences_Recall": 0.12471655328798185,
    "Words_Precision": 0.1395400194776205,
    "Words_Recall": 0.5464085713995825,
    "ROUGELScore": 0.27736185558924986,
    "completeness": 0.5142857142857143,
    "hallucination": 0.05714285714285715,
    "irrelevance": 0.4285714285714285,
    "Words_F1": 0.22230780472435116,
    "Sentences_F1": 0.019058281023016536,
    "factual_score": 0.4571428571428572,
    "Generation_Total_Score": 0.3672523563660535,
    "Retrieval_Total_Score": 0.12068304287368385
  },
  "score_test_zh.jsonl": {
    "Sentences_Precision": 0.024904570884005366,
    "Sentences_Recall": 0.4780882106262677,
    "Words_Precision": 0.09353080613706477,
    "Words_Recall": 0.7407727190454992,
    "ROUGELScore": 0.16499008526602527,
    "completeness": 0.3904761904761905,
    "hallucination": 0.08571428571428572,
    "irrelevance": 0.5238095238095237,
    "Words_F1": 0.1660907990566379,
    "Sentences_F1": 0.04734295269446523,
    "factual_score": 0.3047619047619048,
    "Generation_Total_Score": 0.23487599501396503,
    "Retrieval_Total_Score": 0.10671687587555156
  },
  "score_en.jsonl": {
    "Sentences_Precision": 0.2167239531604351,
    "Sentences_Recall": 0.3696011106804276,
    "Words_Precision": 0.37957826074817297,
    "Words_Recall": 0.6033680365959526,
    "ROUGELScore": 0.21339428404069394,
    "completeness": 0.44375000000000003,
    "hallucination": 0.378125,
    "irrelevance": 0.178125,
    "Words_F1": 0.4659977672044697,
    "Sentences_F1": 0.27323209850326474,
    "factual_score": 0.06562500000000004,
    "Generation_Total_Score": 0.139509642020347,
    "Retrieval_Total_Score": 0.36961493285386726
  },
  "predictions_zh_eval.jsonl": {
    "Sentences_Precision": 0.05831285882614827,
    "Sentences_Recall": 0.80631709284677,
    "Words_Precision": 0.15608068403432054,
    "Words_Recall": 0.8458646616541353,
    "ROUGELScore": 0.2517198044180765,
    "completeness": 0.4857142857142857,
    "hallucination": 0.18095238095238095,
    "irrelevance": 0.3333333333333333,
    "Words_F1": 0.2635336060186415,
    "Sentences_F1": 0.10876018049874525,
    "factual_score": 0.3047619047619048,
    "Generation_Total_Score": 0.27824085458999065,
    "Retrieval_Total_Score": 0.18614689325869338
  }
}