{
  "predictions_en_eval.jsonl": {
    "Sentences_Precision": 0.08950481580814346,
    "Sentences_Recall": 0.6483687813816329,
    "Words_Precision": 0.19408266999410517,
    "Words_Recall": 0.7651563919291768,
    "ROUGELScore": 0.22937678337074607,
    "completeness": 0.5270833333333333,
    "hallucination": 0.25416666666666665,
    "irrelevance": 0.21875,
    "Words_F1": 0.3096279152996954,
    "Sentences_F1": 0.15729558172112776,
    "factual_score": 0.2729166666666667,
    "Generation_Total_Score": 0.2511467250187064,
    "Retrieval_Total_Score": 0.23346174851041157
  },
  "predictions_zh_eval.jsonl": {
    "Sentences_Precision": 0.0640477150521253,
    "Sentences_Recall": 0.7665761240794137,
    "Words_Precision": 0.14886111602367355,
    "Words_Recall": 0.8423645320197044,
    "ROUGELScore": 0.3562997341202476,
    "completeness": 0.3904761904761905,
    "hallucination": 0.13333333333333333,
    "irrelevance": 0.47619047619047616,
    "Words_F1": 0.2530106531902918,
    "Sentences_F1": 0.11821825198789118,
    "factual_score": 0.2571428571428571,
    "Generation_Total_Score": 0.30672129563155237,
    "Retrieval_Total_Score": 0.18561445258909148
  },
  "score_en.jsonl": {
    "Sentences_Precision": 0.08052461063283209,
    "Sentences_Recall": 0.6232094658710613,
    "Words_Precision": 0.18332205851332023,
    "Words_Recall": 0.7672903778763428,
    "ROUGELScore": 0.2986718222747677,
    "completeness": 0.5354166666666667,
    "hallucination": 0.46458333333333335,
    "irrelevance": 0.0,
    "Words_F1": 0.2959381682065359,
    "Sentences_F1": 0.14262120098339398,
    "factual_score": 0.0708333333333333,
    "Generation_Total_Score": 0.1847525778040505,
    "Retrieval_Total_Score": 0.21927968459496494
  },
  "predictions_zh_eval.jsonl": {
    "Sentences_Precision": 0.03805735601021419,
    "Sentences_Recall": 0.8463534895710648,
    "Words_Precision": 0.08335673648000788,
    "Words_Recall": 0.8571428571428571,
    "ROUGELScore": 0.22128037276570126,
    "completeness": 0.43809523809523815,
    "hallucination": -0.01904761904761906,
    "irrelevance": 0.5809523809523809,
    "Words_F1": 0.15193761220747254,
    "Sentences_F1": 0.07283939635978369,
    "factual_score": 0.4571428571428572,
    "Generation_Total_Score": 0.3392116149542792,
    "Retrieval_Total_Score": 0.11238850428362812
  }
}