filename,Sentences_Precision,Sentences_Recall,Words_Precision,Words_Recall,ROUGELScore,completeness,hallucination,irrelevance,Words_F1,Sentences_F1,factual_score,Generation_Total_Score,Retrieval_Total_Score
score_zh.jsonl,0.037358487970981596,0.136633752345005,0.19251070061286624,0.4708187892931921,0.323123960190565,0.37407407407407406,0.3333333333333333,0.29259259259259257,0.27328094519473295,0.058674230346604114,0.040740740740740744,0.18193235046565287,0.16597758777066854
score_en.jsonl,0.01440677966101695,0.04594594594594595,0.23474864719082097,0.3155910733820323,0.16984574343134656,0.31,0.25,0.44000000000000006,0.269232166142091,0.02193548387096774,0.06,0.11492287171567328,0.14558382500652936
