{
  "score_zh.jsonl": {
    "Sentences_Precision": 0.0010591817820733483,
    "Sentences_Recall": 0.009981285090455396,
    "Words_Precision": 0.08244003915814675,
    "Words_Recall": 0.7446850336279505,
    "ROUGELScore": 0.23504357553270513,
    "completeness": 0.46666666666666673,
    "hallucination": 0.10476190476190476,
    "irrelevance": 0.4285714285714285,
    "Words_F1": 0.14844638459811413,
    "Sentences_F1": 0.001915135555688551,
    "factual_score": 0.36190476190476195,
    "Generation_Total_Score": 0.29847416871873356,
    "Retrieval_Total_Score": 0.07518076007690135
  },
  "score_en.jsonl": {
    "Sentences_Precision": 0.08746160998453224,
    "Sentences_Recall": 0.6691957094701321,
    "Words_Precision": 0.18094334402722395,
    "Words_Recall": 0.7890319428090742,
    "ROUGELScore": 0.3415451716359722,
    "completeness": 0.48541666666666666,
    "hallucination": 0.38958333333333334,
    "irrelevance": 0.125,
    "Words_F1": 0.2943787954471182,
    "Sentences_F1": 0.15470393965707444,
    "factual_score": 0.09583333333333333,
    "Generation_Total_Score": 0.21868925248465276,
    "Retrieval_Total_Score": 0.2245413675520963
  }
}