{
  "predictions_en_eval.jsonl": {
    "Sentences_Precision": 0.13388020353719415,
    "Sentences_Recall": 0.571002328305435,
    "Words_Precision": 0.3002301551727145,
    "Words_Recall": 0.708564628990508,
    "ROUGELScore": 0.2555344144207147,
    "completeness": 0.5979166666666667,
    "hallucination": 0.19999999999999998,
    "irrelevance": 0.20208333333333334,
    "Words_F1": 0.4217556867885175,
    "Sentences_F1": 0.21690396478944263,
    "factual_score": 0.3979166666666667,
    "Generation_Total_Score": 0.3267255405436907,
    "Retrieval_Total_Score": 0.31932982578898006
  },
  "predictions_zh_eval.jsonl": {
    "Sentences_Precision": 0.0640477150521253,
    "Sentences_Recall": 0.7665761240794137,
    "Words_Precision": 0.14886111602367355,
    "Words_Recall": 0.8423645320197044,
    "ROUGELScore": 0.3562997341202476,
    "completeness": 0.3904761904761905,
    "hallucination": 0.13333333333333333,
    "irrelevance": 0.47619047619047616,
    "Words_F1": 0.2530106531902918,
    "Sentences_F1": 0.11821825198789118,
    "factual_score": 0.2571428571428571,
    "Generation_Total_Score": 0.30672129563155237,
    "Retrieval_Total_Score": 0.18561445258909148
  },
  "score_en.jsonl": {
    "Sentences_Precision": 0.08052461063283209,
    "Sentences_Recall": 0.6232094658710613,
    "Words_Precision": 0.18332205851332023,
    "Words_Recall": 0.7672903778763428,
    "ROUGELScore": 0.2986718222747677,
    "completeness": 0.5354166666666667,
    "hallucination": 0.46458333333333335,
    "irrelevance": 0.0,
    "Words_F1": 0.2959381682065359,
    "Sentences_F1": 0.14262120098339398,
    "factual_score": 0.0708333333333333,
    "Generation_Total_Score": 0.1847525778040505,
    "Retrieval_Total_Score": 0.21927968459496494
  },
  "score_zh.jsonl": {
    "Sentences_Precision": 0.03506047701494551,
    "Sentences_Recall": 0.8463534895710648,
    "Words_Precision": 0.08801378954196364,
    "Words_Recall": 0.8571428571428571,
    "ROUGELScore": 0.3314522677258075,
    "completeness": 0.5619047619047619,
    "hallucination": 0.05714285714285715,
    "irrelevance": 0.38095238095238093,
    "Words_F1": 0.15963574144154702,
    "Sentences_F1": 0.06733171515890571,
    "factual_score": 0.5047619047619047,
    "Generation_Total_Score": 0.4181070862438561,
    "Retrieval_Total_Score": 0.11348372830022636
  },
  "score_test_zh.jsonl": {
    "Sentences_Precision": 0.024904570884005366,
    "Sentences_Recall": 0.4780882106262677,
    "Words_Precision": 0.09353080613706477,
    "Words_Recall": 0.7407727190454992,
    "ROUGELScore": 0.16499008526602527,
    "completeness": 0.39047619047619053,
    "hallucination": 0.08571428571428572,
    "irrelevance": 0.5238095238095237,
    "Words_F1": 0.1660907990566379,
    "Sentences_F1": 0.04734295269446523,
    "factual_score": 0.3047619047619048,
    "Generation_Total_Score": 0.23487599501396503,
    "Retrieval_Total_Score": 0.10671687587555156
  }
}