{
  "score_zh.jsonl": {
    "Sentences_Precision": 0.03858245969315609,
    "Sentences_Recall": 0.1973520463966324,
    "Words_Precision": 0.19250935523698062,
    "Words_Recall": 0.45588133030888867,
    "ROUGELScore": 0.3462969227956488,
    "completeness": 0.6259259259259259,
    "hallucination": 0.35185185185185186,
    "irrelevance": 0.022222222222222223,
    "Words_F1": 0.27070537229712444,
    "Sentences_F1": 0.06454611071228547,
    "factual_score": 0.274074074074074,
    "Generation_Total_Score": 0.31018549843486143,
    "Retrieval_Total_Score": 0.16762574150470494
  },
  "score_en.jsonl": {
    "Sentences_Precision": 0.07918396326172997,
    "Sentences_Recall": 0.11721560455737672,
    "Words_Precision": 0.25985991811334275,
    "Words_Recall": 0.3455913369786546,
    "ROUGELScore": 0.21218195289382683,
    "completeness": 0.43833333333333335,
    "hallucination": 0.2958333333333333,
    "irrelevance": 0.2658333333333333,
    "Words_F1": 0.2966558769931299,
    "Sentences_F1": 0.09451748013541024,
    "factual_score": 0.14250000000000007,
    "Generation_Total_Score": 0.17734097644691343,
    "Retrieval_Total_Score": 0.19558667856427006
  }
}