{
  "score_zh.jsonl": {
    "Sentences_Precision": 0.0870706479871903,
    "Sentences_Recall": 0.5132014606513722,
    "Words_Precision": 0.17517064995960033,
    "Words_Recall": 0.7250744934218164,
    "ROUGELScore": 0.3940714537352565,
    "completeness": 0.6481481481481481,
    "hallucination": 0.05555555555555555,
    "irrelevance": 0.2962962962962963,
    "Words_F1": 0.2821715200923113,
    "Sentences_F1": 0.14888175906834694,
    "factual_score": 0.5925925925925926,
    "Generation_Total_Score": 0.49333202316392455,
    "Retrieval_Total_Score": 0.2155266395803291
  },
  "score_en.jsonl": {
    "Sentences_Precision": 0.10334705523447338,
    "Sentences_Recall": 0.4673393790303743,
    "Words_Precision": 0.2180767364033454,
    "Words_Recall": 0.6399698390357169,
    "ROUGELScore": 0.42272421044273434,
    "completeness": 0.5083333333333334,
    "hallucination": 0.03333333333333333,
    "irrelevance": 0.45833333333333337,
    "Words_F1": 0.3253029331701937,
    "Sentences_F1": 0.16926334925102526,
    "factual_score": 0.4750000000000001,
    "Generation_Total_Score": 0.4488621052213672,
    "Retrieval_Total_Score": 0.2472831412106095
  }
}