{
  "score_zh.jsonl": {
    "Sentences_Precision": 0.037358487970981596,
    "Sentences_Recall": 0.136633752345005,
    "Words_Precision": 0.20400320577625747,
    "Words_Recall": 0.4913949209804349,
    "ROUGELScore": 0.30761394743361326,
    "completeness": 0.4185185185185185,
    "hallucination": 0.2777777777777778,
    "irrelevance": 0.3037037037037037,
    "Words_F1": 0.2883129399549096,
    "Sentences_F1": 0.058674230346604114,
    "factual_score": 0.14074074074074072,
    "Generation_Total_Score": 0.224177344087177,
    "Retrieval_Total_Score": 0.17349358515075686
  },
  "score_en.jsonl": {
    "Sentences_Precision": 0.1380259906387185,
    "Sentences_Recall": 0.12724927459104673,
    "Words_Precision": 0.2735328827851431,
    "Words_Recall": 0.35291175574862443,
    "ROUGELScore": 0.26930144324438027,
    "completeness": 0.23000000000000004,
    "hallucination": 0.16666666666666666,
    "irrelevance": 0.6033333333333333,
    "Words_F1": 0.30819313944366716,
    "Sentences_F1": 0.13241873243081995,
    "factual_score": 0.06333333333333338,
    "Generation_Total_Score": 0.16631738828885684,
    "Retrieval_Total_Score": 0.22030593593724357
  }
}