filename,Sentences_Precision,Sentences_Recall,Words_Precision,Words_Recall,ROUGELScore,completeness,hallucination,irrelevance,Words_F1,Sentences_F1,factual_score,Generation_Total_Score,Retrieval_Total_Score
score_zh.jsonl,0.03858245969315609,0.1973520463966324,0.19250935523698062,0.45588133030888867,0.3462969227956488,0.6259259259259259,0.35185185185185186,0.022222222222222223,0.27070537229712444,0.06454611071228547,0.274074074074074,0.31018549843486143,0.16762574150470494
score_en.jsonl,0.07918396326172997,0.11721560455737672,0.25985991811334275,0.3455913369786546,0.21218195289382683,0.43833333333333335,0.2958333333333333,0.2658333333333333,0.2966558769931299,0.09451748013541024,0.14250000000000007,0.17734097644691343,0.19558667856427006
