{
  "predictions_en_eval.jsonl": {
    "Sentences_Precision": 0.043606742930032354,
    "Sentences_Recall": 0.4444962598726103,
    "Words_Precision": 0.17863523856545907,
    "Words_Recall": 0.7500584171110539,
    "ROUGELScore": 0.24341328923932826,
    "completeness": 0.39479166666666665,
    "hallucination": 0.4302083333333333,
    "irrelevance": 0.175,
    "Words_F1": 0.2885491108067495,
    "Sentences_F1": 0.07942190081327166,
    "factual_score": -0.03541666666666665,
    "Generation_Total_Score": 0.1039983112863308,
    "Retrieval_Total_Score": 0.18398550581001058
  },
  "score_zh.jsonl": {
    "Sentences_Precision": 0.09587880640646786,
    "Sentences_Recall": 0.6406799997946167,
    "Words_Precision": 0.18569111915376948,
    "Words_Recall": 0.7530500780252518,
    "ROUGELScore": 0.4433655692285475,
    "completeness": 0.9047619047619049,
    "hallucination": 0.047619047619047616,
    "irrelevance": 0.047619047619047616,
    "Words_F1": 0.29791962297501146,
    "Sentences_F1": 0.1667962779119468,
    "factual_score": 0.8571428571428572,
    "Generation_Total_Score": 0.6502542131857023,
    "Retrieval_Total_Score": 0.23235795044347912
  },
  "score_test_zh.jsonl": {
    "Sentences_Precision": 0.024904570884005366,
    "Sentences_Recall": 0.4780882106262677,
    "Words_Precision": 0.09353080613706477,
    "Words_Recall": 0.7407727190454992,
    "ROUGELScore": 0.16499008526602527,
    "completeness": 0.3904761904761905,
    "hallucination": 0.08571428571428572,
    "irrelevance": 0.5238095238095237,
    "Words_F1": 0.1660907990566379,
    "Sentences_F1": 0.04734295269446523,
    "factual_score": 0.3047619047619048,
    "Generation_Total_Score": 0.23487599501396503,
    "Retrieval_Total_Score": 0.10671687587555156
  },
  "score_en.jsonl": {
    "Sentences_Precision": 0.10152412802483786,
    "Sentences_Recall": 0.4223443611384331,
    "Words_Precision": 0.22488308347733738,
    "Words_Recall": 0.6935628592411249,
    "ROUGELScore": 0.19249235992809613,
    "completeness": 0.3458333333333333,
    "hallucination": 0.125,
    "irrelevance": 0.5291666666666667,
    "Words_F1": 0.33964014019127403,
    "Sentences_F1": 0.16369811843148693,
    "factual_score": 0.22083333333333333,
    "Generation_Total_Score": 0.2066628466307147,
    "Retrieval_Total_Score": 0.25166912931138047
  },
  "predictions_zh_eval.jsonl": {
    "Sentences_Precision": 0.05831285882614827,
    "Sentences_Recall": 0.80631709284677,
    "Words_Precision": 0.15608068403432054,
    "Words_Recall": 0.8458646616541353,
    "ROUGELScore": 0.2517198044180765,
    "completeness": 0.4857142857142857,
    "hallucination": 0.18095238095238095,
    "irrelevance": 0.3333333333333333,
    "Words_F1": 0.2635336060186415,
    "Sentences_F1": 0.10876018049874525,
    "factual_score": 0.3047619047619048,
    "Generation_Total_Score": 0.27824085458999065,
    "Retrieval_Total_Score": 0.18614689325869338
  }
}