{
  "score_zh.jsonl": {
    "Sentences_Precision": 0.10586463040880995,
    "Sentences_Recall": 0.08901470472595736,
    "Words_Precision": 0.3824056405509298,
    "Words_Recall": 0.42312903452954703,
    "ROUGELScore": 0.28876096112008137,
    "completeness": 0.537037037037037,
    "hallucination": 0.2037037037037037,
    "irrelevance": 0.25925925925925924,
    "Words_F1": 0.4017379623510375,
    "Sentences_F1": 0.0967112168177921,
    "factual_score": 0.33333333333333326,
    "Generation_Total_Score": 0.31104714722670734,
    "Retrieval_Total_Score": 0.2492245895844148
  },
  "score_en.jsonl": {
    "Sentences_Precision": 0.12128374482223325,
    "Sentences_Recall": 0.476890797329112,
    "Words_Precision": 0.20296676329280966,
    "Words_Recall": 0.6623545359481169,
    "ROUGELScore": 0.3612611867401435,
    "completeness": 0.5166666666666667,
    "hallucination": 0.3,
    "irrelevance": 0.18333333333333332,
    "Words_F1": 0.31071916623716433,
    "Sentences_F1": 0.1933853672987019,
    "factual_score": 0.21666666666666673,
    "Generation_Total_Score": 0.2889639267034051,
    "Retrieval_Total_Score": 0.25205226676793313
  }
}