{
  "predictions_en_eval.jsonl": {
    "Sentences_Precision": 0.08950481580814346,
    "Sentences_Recall": 0.6483687813816329,
    "Words_Precision": 0.19408266999410517,
    "Words_Recall": 0.7651563919291768,
    "ROUGELScore": 0.2351253256801108,
    "completeness": 0.4520833333333333,
    "hallucination": 0.31666666666666665,
    "irrelevance": 0.23125,
    "Words_F1": 0.3096279152996954,
    "Sentences_F1": 0.15729558172112776,
    "factual_score": 0.13541666666666663,
    "Generation_Total_Score": 0.1852709961733887,
    "Retrieval_Total_Score": 0.23346174851041157
  },
  "score_zh.jsonl": {
    "Sentences_Precision": 0.03506047701494551,
    "Sentences_Recall": 0.8463534895710648,
    "Words_Precision": 0.08801378954196364,
    "Words_Recall": 0.8571428571428571,
    "ROUGELScore": 0.3314522677258075,
    "completeness": 0.5619047619047619,
    "hallucination": 0.05714285714285715,
    "irrelevance": 0.38095238095238093,
    "Words_F1": 0.15963574144154702,
    "Sentences_F1": 0.06733171515890571,
    "factual_score": 0.5047619047619047,
    "Generation_Total_Score": 0.4181070862438561,
    "Retrieval_Total_Score": 0.11348372830022636
  },
  "score_en.jsonl": {
    "Sentences_Precision": 0.08052461063283209,
    "Sentences_Recall": 0.6232094658710613,
    "Words_Precision": 0.18332205851332023,
    "Words_Recall": 0.7672903778763428,
    "ROUGELScore": 0.2986718222747677,
    "completeness": 0.5354166666666667,
    "hallucination": 0.46458333333333335,
    "irrelevance": 0.0,
    "Words_F1": 0.2959381682065359,
    "Sentences_F1": 0.14262120098339398,
    "factual_score": 0.0708333333333333,
    "Generation_Total_Score": 0.1847525778040505,
    "Retrieval_Total_Score": 0.21927968459496494
  },
  "predictions_zh_eval.jsonl": {
    "Sentences_Precision": 0.03805735601021419,
    "Sentences_Recall": 0.8463534895710648,
    "Words_Precision": 0.08335673648000788,
    "Words_Recall": 0.8571428571428571,
    "ROUGELScore": 0.20677826093733062,
    "completeness": 0.2952380952380952,
    "hallucination": 0.26666666666666666,
    "irrelevance": 0.43809523809523804,
    "Words_F1": 0.15193761220747254,
    "Sentences_F1": 0.07283939635978369,
    "factual_score": 0.028571428571428525,
    "Generation_Total_Score": 0.11767484475437957,
    "Retrieval_Total_Score": 0.11238850428362812
  }
}