{
  "score_zh.jsonl": {
    "Sentences_Precision": 0.08696844933531306,
    "Sentences_Recall": 0.3527076334908783,
    "Words_Precision": 0.19690154204884547,
    "Words_Recall": 0.5994906716920982,
    "ROUGELScore": 0.38103942377273115,
    "completeness": 0.5370370370370371,
    "hallucination": 0.09259259259259259,
    "irrelevance": 0.37037037037037035,
    "Words_F1": 0.29643845246952505,
    "Sentences_F1": 0.13953197434009867,
    "factual_score": 0.44444444444444453,
    "Generation_Total_Score": 0.41274193410858784,
    "Retrieval_Total_Score": 0.21798521340481186
  },
  "score_en.jsonl": {
    "Sentences_Precision": 0.12209825012904237,
    "Sentences_Recall": 0.6050531678022364,
    "Words_Precision": 0.2136639632073818,
    "Words_Recall": 0.7358684157079923,
    "ROUGELScore": 0.39636744473283725,
    "completeness": 0.5366666666666667,
    "hallucination": 0.03333333333333333,
    "irrelevance": 0.43,
    "Words_F1": 0.3311705121186175,
    "Sentences_F1": 0.2031927084289031,
    "factual_score": 0.5033333333333334,
    "Generation_Total_Score": 0.44985038903308533,
    "Retrieval_Total_Score": 0.2671816102737603
  }
}