{
  "score_zh.jsonl": {
    "Sentences_Precision": 0.0870706479871903,
    "Sentences_Recall": 0.5132014606513722,
    "Words_Precision": 0.17517064995960033,
    "Words_Recall": 0.7250744934218165,
    "ROUGELScore": 0.4251170232559238,
    "completeness": 0.6481481481481481,
    "hallucination": 0.16666666666666666,
    "irrelevance": 0.18518518518518517,
    "Words_F1": 0.2821715200923113,
    "Sentences_F1": 0.14888175906834694,
    "factual_score": 0.4814814814814815,
    "Generation_Total_Score": 0.45329925236870267,
    "Retrieval_Total_Score": 0.2155266395803291
  },
  "score_en.jsonl": {
    "Sentences_Precision": 0.10334705523447338,
    "Sentences_Recall": 0.46733937903037426,
    "Words_Precision": 0.2180767364033454,
    "Words_Recall": 0.6399698390357169,
    "ROUGELScore": 0.41652334764417087,
    "completeness": 0.4916666666666666,
    "hallucination": 0.03333333333333333,
    "irrelevance": 0.475,
    "Words_F1": 0.3253029331701937,
    "Sentences_F1": 0.16926334925102524,
    "factual_score": 0.45833333333333326,
    "Generation_Total_Score": 0.43742834048875207,
    "Retrieval_Total_Score": 0.24728314121060946
  }
}