filename,Sentences_Precision,Sentences_Recall,Words_Precision,Words_Recall,ROUGELScore,completeness,hallucination,irrelevance,Words_F1,Sentences_F1,factual_score,Generation_Total_Score,Retrieval_Total_Score
score_zh.jsonl,0.0916328502415459,0.0941774432220292,0.3856317339197422,0.42056944904326454,0.41926186627617984,0.5703703703703703,0.07407407407407407,0.35555555555555557,0.4023435571556753,0.09288772317221067,0.49629629629629624,0.457779081286238,0.247615640163943
score_en.jsonl,0.10050858704216348,0.35344412441159456,0.19224311052697968,0.6195271155286772,0.23659732191905772,0.25666666666666665,0.2,0.5433333333333333,0.29343234309969535,0.15651044105100662,0.05666666666666664,0.14663199429286217,0.224971392075351
