{
  "predictions_en_eval.jsonl": {
    "Sentences_Precision": 0.05701268054448845,
    "Sentences_Recall": 0.2826946999697846,
    "Words_Precision": 0.2250623862069854,
    "Words_Recall": 0.5713937119383647,
    "ROUGELScore": 0.19459666295196792,
    "completeness": 0.45729166666666665,
    "hallucination": 0.3802083333333333,
    "irrelevance": 0.1625,
    "Words_F1": 0.3229286148275466,
    "Sentences_F1": 0.09488862206407178,
    "factual_score": 0.07708333333333334,
    "Generation_Total_Score": 0.13583999814265063,
    "Retrieval_Total_Score": 0.20890861844580919
  },
  "predictions_zh_eval.jsonl": {
    "Sentences_Precision": 0.0640477150521253,
    "Sentences_Recall": 0.7665761240794137,
    "Words_Precision": 0.14886111602367355,
    "Words_Recall": 0.8423645320197044,
    "ROUGELScore": 0.3562997341202476,
    "completeness": 0.3904761904761905,
    "hallucination": 0.13333333333333333,
    "irrelevance": 0.47619047619047616,
    "Words_F1": 0.2530106531902918,
    "Sentences_F1": 0.11821825198789118,
    "factual_score": 0.2571428571428571,
    "Generation_Total_Score": 0.30672129563155237,
    "Retrieval_Total_Score": 0.18561445258909148
  },
  "score_en.jsonl": {
    "Sentences_Precision": 0.08052461063283209,
    "Sentences_Recall": 0.6232094658710613,
    "Words_Precision": 0.18332205851332023,
    "Words_Recall": 0.7672903778763428,
    "ROUGELScore": 0.2986718222747677,
    "completeness": 0.5354166666666667,
    "hallucination": 0.46458333333333335,
    "irrelevance": 0.0,
    "Words_F1": 0.2959381682065359,
    "Sentences_F1": 0.14262120098339398,
    "factual_score": 0.0708333333333333,
    "Generation_Total_Score": 0.1847525778040505,
    "Retrieval_Total_Score": 0.21927968459496494
  },
  "predictions_zh_eval.jsonl": {
    "Sentences_Precision": 0.05831285882614827,
    "Sentences_Recall": 0.80631709284677,
    "Words_Precision": 0.15608068403432054,
    "Words_Recall": 0.8458646616541353,
    "ROUGELScore": 0.2642029028841312,
    "completeness": 0.4857142857142857,
    "hallucination": 0.13333333333333333,
    "irrelevance": 0.38095238095238093,
    "Words_F1": 0.2635336060186415,
    "Sentences_F1": 0.10876018049874525,
    "factual_score": 0.35238095238095235,
    "Generation_Total_Score": 0.30829192763254176,
    "Retrieval_Total_Score": 0.18614689325869338
  }
}