{
  "score_zh.jsonl": {
    "Sentences_Precision": 0.0870706479871903,
    "Sentences_Recall": 0.5132014606513722,
    "Words_Precision": 0.1751706499596003,
    "Words_Recall": 0.7250744934218165,
    "ROUGELScore": 0.4247487400425433,
    "completeness": 0.6111111111111112,
    "hallucination": 0.16666666666666666,
    "irrelevance": 0.2222222222222222,
    "Words_F1": 0.2821715200923112,
    "Sentences_F1": 0.14888175906834694,
    "factual_score": 0.44444444444444453,
    "Generation_Total_Score": 0.4345965922434939,
    "Retrieval_Total_Score": 0.21552663958032908
  },
  "score_en.jsonl": {
    "Sentences_Precision": 0.10334705523447338,
    "Sentences_Recall": 0.46733937903037426,
    "Words_Precision": 0.2180767364033454,
    "Words_Recall": 0.6399698390357169,
    "ROUGELScore": 0.4064340229093156,
    "completeness": 0.445,
    "hallucination": 0.06666666666666667,
    "irrelevance": 0.4883333333333333,
    "Words_F1": 0.3253029331701937,
    "Sentences_F1": 0.16926334925102524,
    "factual_score": 0.37833333333333335,
    "Generation_Total_Score": 0.39238367812132446,
    "Retrieval_Total_Score": 0.24728314121060946
  }
}