{
  "predictions_en_eval.jsonl": {
    "Sentences_Precision": 0.043606742930032354,
    "Sentences_Recall": 0.4444962598726103,
    "Words_Precision": 0.17863523856545907,
    "Words_Recall": 0.7500584171110539,
    "ROUGELScore": 0.24341328923932826,
    "completeness": 0.39479166666666665,
    "hallucination": 0.4302083333333333,
    "irrelevance": 0.175,
    "Words_F1": 0.2885491108067495,
    "Sentences_F1": 0.07942190081327166,
    "factual_score": -0.03541666666666665,
    "Generation_Total_Score": 0.1039983112863308,
    "Retrieval_Total_Score": 0.18398550581001058
  },
  "score_zh.jsonl": {
    "Sentences_Precision": 0.1139981557927059,
    "Sentences_Recall": 0.5236196669898198,
    "Words_Precision": 0.20472979540572503,
    "Words_Recall": 0.7531112263417163,
    "ROUGELScore": 0.4969118001436725,
    "completeness": 0.7142857142857142,
    "hallucination": 0.19047619047619047,
    "irrelevance": 0.09523809523809523,
    "Words_F1": 0.3219413321960412,
    "Sentences_F1": 0.18723339982292023,
    "factual_score": 0.5238095238095237,
    "Generation_Total_Score": 0.5103606619765981,
    "Retrieval_Total_Score": 0.25458736600948073
  },
  "score_test_zh.jsonl": {
    "Sentences_Precision": 0.024904570884005366,
    "Sentences_Recall": 0.4780882106262677,
    "Words_Precision": 0.09353080613706477,
    "Words_Recall": 0.7407727190454992,
    "ROUGELScore": 0.16499008526602527,
    "completeness": 0.3904761904761905,
    "hallucination": 0.08571428571428572,
    "irrelevance": 0.5238095238095237,
    "Words_F1": 0.1660907990566379,
    "Sentences_F1": 0.04734295269446523,
    "factual_score": 0.3047619047619048,
    "Generation_Total_Score": 0.23487599501396503,
    "Retrieval_Total_Score": 0.10671687587555156
  },
  "score_en.jsonl": {
    "Sentences_Precision": 0.08667039532357249,
    "Sentences_Recall": 0.3140376147719852,
    "Words_Precision": 0.20775653838507818,
    "Words_Recall": 0.5856733349969352,
    "ROUGELScore": 0.17630787625930217,
    "completeness": 0.29375,
    "hallucination": 0.0,
    "irrelevance": 0.70625,
    "Words_F1": 0.3067125874269253,
    "Sentences_F1": 0.13584836605721481,
    "factual_score": 0.29375,
    "Generation_Total_Score": 0.2350289381296511,
    "Retrieval_Total_Score": 0.22128047674207008
  },
  "predictions_zh_eval.jsonl": {
    "Sentences_Precision": 0.05831285882614827,
    "Sentences_Recall": 0.80631709284677,
    "Words_Precision": 0.15608068403432054,
    "Words_Recall": 0.8458646616541353,
    "ROUGELScore": 0.2517198044180765,
    "completeness": 0.4857142857142857,
    "hallucination": 0.18095238095238095,
    "irrelevance": 0.3333333333333333,
    "Words_F1": 0.2635336060186415,
    "Sentences_F1": 0.10876018049874525,
    "factual_score": 0.3047619047619048,
    "Generation_Total_Score": 0.27824085458999065,
    "Retrieval_Total_Score": 0.18614689325869338
  }
}