{
  "score_zh.jsonl": {
    "Sentences_Precision": 0.0870706479871903,
    "Sentences_Recall": 0.5132014606513722,
    "Words_Precision": 0.17517064995960033,
    "Words_Recall": 0.7250744934218165,
    "ROUGELScore": 0.4260167127505803,
    "completeness": 0.6481481481481481,
    "hallucination": 0.12962962962962962,
    "irrelevance": 0.2222222222222222,
    "Words_F1": 0.2821715200923113,
    "Sentences_F1": 0.14888175906834694,
    "factual_score": 0.5185185185185185,
    "Generation_Total_Score": 0.4722676156345494,
    "Retrieval_Total_Score": 0.2155266395803291
  },
  "score_en.jsonl": {
    "Sentences_Precision": 0.10334705523447338,
    "Sentences_Recall": 0.46733937903037426,
    "Words_Precision": 0.2180767364033454,
    "Words_Recall": 0.6399698390357169,
    "ROUGELScore": 0.41433723606734685,
    "completeness": 0.445,
    "hallucination": 0.06666666666666667,
    "irrelevance": 0.4883333333333333,
    "Words_F1": 0.3253029331701937,
    "Sentences_F1": 0.16926334925102524,
    "factual_score": 0.37833333333333335,
    "Generation_Total_Score": 0.3963352847003401,
    "Retrieval_Total_Score": 0.24728314121060946
  }
}