{
  "score_zh.jsonl": {
    "Sentences_Precision": 0.0916328502415459,
    "Sentences_Recall": 0.0941774432220292,
    "Words_Precision": 0.3856317339197422,
    "Words_Recall": 0.42056944904326454,
    "ROUGELScore": 0.41926186627617984,
    "completeness": 0.5703703703703703,
    "hallucination": 0.07407407407407407,
    "irrelevance": 0.35555555555555557,
    "Words_F1": 0.4023435571556753,
    "Sentences_F1": 0.09288772317221067,
    "factual_score": 0.49629629629629624,
    "Generation_Total_Score": 0.457779081286238,
    "Retrieval_Total_Score": 0.247615640163943
  },
  "score_en.jsonl": {
    "Sentences_Precision": 0.10050858704216348,
    "Sentences_Recall": 0.35344412441159456,
    "Words_Precision": 0.19224311052697968,
    "Words_Recall": 0.6195271155286772,
    "ROUGELScore": 0.23659732191905772,
    "completeness": 0.25666666666666665,
    "hallucination": 0.2,
    "irrelevance": 0.5433333333333333,
    "Words_F1": 0.29343234309969535,
    "Sentences_F1": 0.15651044105100662,
    "factual_score": 0.05666666666666664,
    "Generation_Total_Score": 0.14663199429286217,
    "Retrieval_Total_Score": 0.224971392075351
  }
}