{
  "score_zh.jsonl": {
    "Sentences_Precision": 0.10586463040880995,
    "Sentences_Recall": 0.08901470472595736,
    "Words_Precision": 0.3824056405509298,
    "Words_Recall": 0.42312903452954703,
    "ROUGELScore": 0.28640689955363996,
    "completeness": 0.5370370370370371,
    "hallucination": 0.31481481481481477,
    "irrelevance": 0.14814814814814814,
    "Words_F1": 0.4017379623510375,
    "Sentences_F1": 0.0967112168177921,
    "factual_score": 0.22222222222222232,
    "Generation_Total_Score": 0.25431456088793114,
    "Retrieval_Total_Score": 0.2492245895844148
  },
  "score_en.jsonl": {
    "Sentences_Precision": 0.12128374482223328,
    "Sentences_Recall": 0.476890797329112,
    "Words_Precision": 0.20296676329280966,
    "Words_Recall": 0.6623545359481169,
    "ROUGELScore": 0.24754343821951622,
    "completeness": 0.4408333333333333,
    "hallucination": 0.16666666666666666,
    "irrelevance": 0.39249999999999996,
    "Words_F1": 0.31071916623716433,
    "Sentences_F1": 0.19338536729870195,
    "factual_score": 0.27416666666666667,
    "Generation_Total_Score": 0.26085505244309143,
    "Retrieval_Total_Score": 0.25205226676793313
  }
}