{
  "predictions_en_eval.jsonl": {
    "Sentences_Precision": 0.05834460646756028,
    "Sentences_Recall": 0.3997236391506225,
    "Words_Precision": 0.2183995021324144,
    "Words_Recall": 0.6660330898699761,
    "ROUGELScore": 0.19074452234221764,
    "completeness": 0.415625,
    "hallucination": 0.37187499999999996,
    "irrelevance": 0.2125,
    "Words_F1": 0.3289369852415462,
    "Sentences_F1": 0.1018263922248113,
    "factual_score": 0.04375000000000007,
    "Generation_Total_Score": 0.11724726117110885,
    "Retrieval_Total_Score": 0.21538168873317876
  },
  "score_zh.jsonl": {
    "Sentences_Precision": 0.03506047701494551,
    "Sentences_Recall": 0.8463534895710648,
    "Words_Precision": 0.08801378954196364,
    "Words_Recall": 0.8571428571428571,
    "ROUGELScore": 0.3314522677258075,
    "completeness": 0.5619047619047619,
    "hallucination": 0.05714285714285715,
    "irrelevance": 0.38095238095238093,
    "Words_F1": 0.15963574144154702,
    "Sentences_F1": 0.06733171515890571,
    "factual_score": 0.5047619047619047,
    "Generation_Total_Score": 0.4181070862438561,
    "Retrieval_Total_Score": 0.11348372830022636
  },
  "score_en.jsonl": {
    "Sentences_Precision": 0.08052461063283209,
    "Sentences_Recall": 0.6232094658710613,
    "Words_Precision": 0.18332205851332023,
    "Words_Recall": 0.7672903778763428,
    "ROUGELScore": 0.2986718222747677,
    "completeness": 0.5354166666666667,
    "hallucination": 0.46458333333333335,
    "irrelevance": 0.0,
    "Words_F1": 0.2959381682065359,
    "Sentences_F1": 0.14262120098339398,
    "factual_score": 0.0708333333333333,
    "Generation_Total_Score": 0.1847525778040505,
    "Retrieval_Total_Score": 0.21927968459496494
  },
  "predictions_zh_eval.jsonl": {
    "Sentences_Precision": 0.058677511871638555,
    "Sentences_Recall": 0.80631709284677,
    "Words_Precision": 0.15621137095746027,
    "Words_Recall": 0.8458646616541353,
    "ROUGELScore": 0.30606139051283526,
    "completeness": 0.34285714285714286,
    "hallucination": 0.12380952380952381,
    "irrelevance": 0.5333333333333333,
    "Words_F1": 0.26371986584110974,
    "Sentences_F1": 0.10939416391671869,
    "factual_score": 0.21904761904761905,
    "Generation_Total_Score": 0.2625545047802271,
    "Retrieval_Total_Score": 0.1865570148789142
  }
}