{
  "score_zh.jsonl": {
    "Sentences_Precision": 0.0,
    "Sentences_Recall": 0.0,
    "Words_Precision": 0.1672600309235209,
    "Words_Recall": 0.33497416064650165,
    "ROUGELScore": 0.07249466879928715,
    "completeness": 0.2952380952380952,
    "hallucination": 0.0,
    "irrelevance": 0.7047619047619048,
    "Words_F1": 0.22311419416972456,
    "Sentences_F1": 0.0,
    "factual_score": 0.2952380952380952,
    "Generation_Total_Score": 0.18386638201869115,
    "Retrieval_Total_Score": 0.11155709708486228
  },
  "score_en.jsonl": {
    "Sentences_Precision": 0.0,
    "Sentences_Recall": 0.0,
    "Words_Precision": 0.23574453819989535,
    "Words_Recall": 0.16707663313736834,
    "ROUGELScore": 0.16578754319597427,
    "completeness": 0.44375000000000003,
    "hallucination": 0.33749999999999997,
    "irrelevance": 0.21875,
    "Words_F1": 0.19555776372034311,
    "Sentences_F1": 0.0,
    "factual_score": 0.10625000000000007,
    "Generation_Total_Score": 0.13601877159798717,
    "Retrieval_Total_Score": 0.09777888186017156
  }
}