{
  "predictions_en_eval.jsonl": {
    "Sentences_Precision": 0.043606742930032354,
    "Sentences_Recall": 0.4444962598726103,
    "Words_Precision": 0.17863523856545907,
    "Words_Recall": 0.7500584171110539,
    "ROUGELScore": 0.24341328923932826,
    "completeness": 0.39479166666666665,
    "hallucination": 0.4302083333333333,
    "irrelevance": 0.175,
    "Words_F1": 0.2885491108067495,
    "Sentences_F1": 0.07942190081327166,
    "factual_score": -0.03541666666666665,
    "Generation_Total_Score": 0.1039983112863308,
    "Retrieval_Total_Score": 0.18398550581001058
  },
  "predictions_zh_eval.jsonl": {
    "Sentences_Precision": 0.0640477150521253,
    "Sentences_Recall": 0.7665761240794137,
    "Words_Precision": 0.14886111602367355,
    "Words_Recall": 0.8423645320197044,
    "ROUGELScore": 0.3562997341202476,
    "completeness": 0.3904761904761905,
    "hallucination": 0.13333333333333333,
    "irrelevance": 0.47619047619047616,
    "Words_F1": 0.2530106531902918,
    "Sentences_F1": 0.11821825198789118,
    "factual_score": 0.2571428571428571,
    "Generation_Total_Score": 0.30672129563155237,
    "Retrieval_Total_Score": 0.18561445258909148
  },
  "score_en.jsonl": {
    "Sentences_Precision": 0.08052461063283209,
    "Sentences_Recall": 0.6232094658710613,
    "Words_Precision": 0.18332205851332023,
    "Words_Recall": 0.7672903778763428,
    "ROUGELScore": 0.2986718222747677,
    "completeness": 0.5354166666666667,
    "hallucination": 0.46458333333333335,
    "irrelevance": 0.0,
    "Words_F1": 0.2959381682065359,
    "Sentences_F1": 0.14262120098339398,
    "factual_score": 0.0708333333333333,
    "Generation_Total_Score": 0.1847525778040505,
    "Retrieval_Total_Score": 0.21927968459496494
  },
  "predictions_zh_eval.jsonl": {
    "Sentences_Precision": 0.05831285882614827,
    "Sentences_Recall": 0.80631709284677,
    "Words_Precision": 0.15608068403432054,
    "Words_Recall": 0.8458646616541353,
    "ROUGELScore": 0.2517198044180765,
    "completeness": 0.4857142857142857,
    "hallucination": 0.18095238095238095,
    "irrelevance": 0.3333333333333333,
    "Words_F1": 0.2635336060186415,
    "Sentences_F1": 0.10876018049874525,
    "factual_score": 0.3047619047619048,
    "Generation_Total_Score": 0.27824085458999065,
    "Retrieval_Total_Score": 0.18614689325869338
  }
}