{
  "score_zh.jsonl": {
    "Sentences_Precision": 0.12924744120502357,
    "Sentences_Recall": 0.645094921000117,
    "Words_Precision": 0.2188939941894553,
    "Words_Recall": 0.7679251109094576,
    "ROUGELScore": 0.4123138412009007,
    "completeness": 0.6296296296296297,
    "hallucination": 0.037037037037037035,
    "irrelevance": 0.33333333333333326,
    "Words_F1": 0.3406788415360135,
    "Sentences_F1": 0.21534884811463678,
    "factual_score": 0.5925925925925926,
    "Generation_Total_Score": 0.5024532168967466,
    "Retrieval_Total_Score": 0.27801384482532515
  },
  "score_en.jsonl": {
    "Sentences_Precision": 0.09648879299956256,
    "Sentences_Recall": 0.5221659851225655,
    "Words_Precision": 0.20157725552125405,
    "Words_Recall": 0.6950599337779633,
    "ROUGELScore": 0.38848953738210623,
    "completeness": 0.4708333333333333,
    "hallucination": 0.0,
    "irrelevance": 0.5291666666666667,
    "Words_F1": 0.3125194349416859,
    "Sentences_F1": 0.16287974305423628,
    "factual_score": 0.4708333333333333,
    "Generation_Total_Score": 0.4296614353577198,
    "Retrieval_Total_Score": 0.23769958899796106
  }
}