{
  "score_zh.jsonl": {
    "Sentences_Precision": 0.05028989162939883,
    "Sentences_Recall": 0.6303589046934599,
    "Words_Precision": 0.11691879046415142,
    "Words_Recall": 0.7870848997493735,
    "ROUGELScore": 0.27789130419890024,
    "completeness": 0.3904761904761905,
    "hallucination": 0.13333333333333333,
    "irrelevance": 0.47619047619047616,
    "Words_F1": 0.20359433366816984,
    "Sentences_F1": 0.09314842302203603,
    "factual_score": 0.2571428571428571,
    "Generation_Total_Score": 0.26751708067087865,
    "Retrieval_Total_Score": 0.14837137834510294
  },
  "score_en.jsonl": {
    "Sentences_Precision": 0.10737683817663082,
    "Sentences_Recall": 0.5324442184602443,
    "Words_Precision": 0.2259427574843056,
    "Words_Recall": 0.7211814821343521,
    "ROUGELScore": 0.2749942553821594,
    "completeness": 0.41041666666666665,
    "hallucination": 0.3614583333333333,
    "irrelevance": 0.228125,
    "Words_F1": 0.344085233814016,
    "Sentences_F1": 0.1787130201191109,
    "factual_score": 0.048958333333333326,
    "Generation_Total_Score": 0.16197629435774635,
    "Retrieval_Total_Score": 0.2613991269665634
  }
}