filename,Sentences_Precision,Sentences_Recall,Words_Precision,Words_Recall,ROUGELScore,completeness,hallucination,irrelevance,Words_F1,Sentences_F1,factual_score,Generation_Total_Score,Retrieval_Total_Score
score_zh.jsonl,0.03858245969315609,0.1973520463966324,0.19250935523698065,0.45588133030888867,0.47003775270743187,0.7222222222222222,0.1111111111111111,0.16666666666666666,0.2707053722971245,0.06454611071228547,0.6111111111111112,0.5405744319092716,0.167625741504705
score_en.jsonl,0.07918396326172997,0.11721560455737672,0.25985991811334275,0.3455913369786546,0.36814964947968487,0.44000000000000006,0.0,0.5599999999999999,0.2966558769931299,0.09451748013541024,0.44000000000000006,0.40407482473984246,0.19558667856427006
