{
  "predictions_en_eval.jsonl": {
    "Sentences_Precision": 0.13388020353719415,
    "Sentences_Recall": 0.571002328305435,
    "Words_Precision": 0.3002301551727145,
    "Words_Recall": 0.708564628990508,
    "ROUGELScore": 0.2592909425694778,
    "completeness": 0.5979166666666667,
    "hallucination": 0.29583333333333334,
    "irrelevance": 0.10625,
    "Words_F1": 0.4217556867885175,
    "Sentences_F1": 0.21690396478944263,
    "factual_score": 0.3020833333333333,
    "Generation_Total_Score": 0.28068713795140554,
    "Retrieval_Total_Score": 0.31932982578898006
  },
  "score_zh.jsonl": {
    "Sentences_Precision": 0.03506047701494551,
    "Sentences_Recall": 0.8463534895710648,
    "Words_Precision": 0.08801378954196364,
    "Words_Recall": 0.8571428571428571,
    "ROUGELScore": 0.3314522677258075,
    "completeness": 0.5619047619047619,
    "hallucination": 0.05714285714285715,
    "irrelevance": 0.38095238095238093,
    "Words_F1": 0.15963574144154702,
    "Sentences_F1": 0.06733171515890571,
    "factual_score": 0.5047619047619047,
    "Generation_Total_Score": 0.4181070862438561,
    "Retrieval_Total_Score": 0.11348372830022636
  },
  "score_en.jsonl": {
    "Sentences_Precision": 0.08052461063283209,
    "Sentences_Recall": 0.6232094658710613,
    "Words_Precision": 0.18332205851332023,
    "Words_Recall": 0.7672903778763428,
    "ROUGELScore": 0.2986718222747677,
    "completeness": 0.5354166666666667,
    "hallucination": 0.46458333333333335,
    "irrelevance": 0.0,
    "Words_F1": 0.2959381682065359,
    "Sentences_F1": 0.14262120098339398,
    "factual_score": 0.0708333333333333,
    "Generation_Total_Score": 0.1847525778040505,
    "Retrieval_Total_Score": 0.21927968459496494
  },
  "predictions_zh_eval.jsonl": {
    "Sentences_Precision": 0.06048966221864639,
    "Sentences_Recall": 0.6835337765330112,
    "Words_Precision": 0.14908464868802884,
    "Words_Recall": 0.8081761006289307,
    "ROUGELScore": 0.29856916203077183,
    "completeness": 0.3904761904761904,
    "hallucination": 0.13333333333333333,
    "irrelevance": 0.47619047619047616,
    "Words_F1": 0.25173214325625864,
    "Sentences_F1": 0.11114361484872094,
    "factual_score": 0.2571428571428571,
    "Generation_Total_Score": 0.27785600958681445,
    "Retrieval_Total_Score": 0.1814378790524898
  }
}