{
  "predictions_en_eval.jsonl": {
    "Sentences_Precision": 0.043606742930032354,
    "Sentences_Recall": 0.4444962598726103,
    "Words_Precision": 0.17863523856545907,
    "Words_Recall": 0.7500584171110539,
    "ROUGELScore": 0.24341328923932826,
    "completeness": 0.39479166666666665,
    "hallucination": 0.4302083333333333,
    "irrelevance": 0.175,
    "Words_F1": 0.2885491108067495,
    "Sentences_F1": 0.07942190081327166,
    "factual_score": -0.03541666666666665,
    "Generation_Total_Score": 0.1039983112863308,
    "Retrieval_Total_Score": 0.18398550581001058
  },
  "score_zh.jsonl": {
    "Sentences_Precision": 0.11013548628176732,
    "Sentences_Recall": 0.5884018779803356,
    "Words_Precision": 0.20122370354633895,
    "Words_Recall": 0.745685604096448,
    "ROUGELScore": 0.4859376030808609,
    "completeness": 0.8285714285714285,
    "hallucination": 0.047619047619047616,
    "irrelevance": 0.12380952380952381,
    "Words_F1": 0.3169250058614509,
    "Sentences_F1": 0.18554176276289744,
    "factual_score": 0.7809523809523808,
    "Generation_Total_Score": 0.6334449920166209,
    "Retrieval_Total_Score": 0.2512333843121742
  },
  "score_test_zh.jsonl": {
    "Sentences_Precision": 0.024904570884005366,
    "Sentences_Recall": 0.4780882106262677,
    "Words_Precision": 0.09353080613706477,
    "Words_Recall": 0.7407727190454992,
    "ROUGELScore": 0.16499008526602527,
    "completeness": 0.3904761904761905,
    "hallucination": 0.08571428571428572,
    "irrelevance": 0.5238095238095237,
    "Words_F1": 0.1660907990566379,
    "Sentences_F1": 0.04734295269446523,
    "factual_score": 0.3047619047619048,
    "Generation_Total_Score": 0.23487599501396503,
    "Retrieval_Total_Score": 0.10671687587555156
  },
  "score_en.jsonl": {
    "Sentences_Precision": 0.10932794719030514,
    "Sentences_Recall": 0.48991192870600064,
    "Words_Precision": 0.23281061890701335,
    "Words_Recall": 0.6914717327569102,
    "ROUGELScore": 0.26026396470305974,
    "completeness": 0.4604166666666667,
    "hallucination": 0.20833333333333331,
    "irrelevance": 0.33125,
    "Words_F1": 0.34833936138678,
    "Sentences_F1": 0.1787633554571343,
    "factual_score": 0.2520833333333334,
    "Generation_Total_Score": 0.25617364901819656,
    "Retrieval_Total_Score": 0.26355135842195715
  },
  "predictions_zh_eval.jsonl": {
    "Sentences_Precision": 0.05831285882614827,
    "Sentences_Recall": 0.80631709284677,
    "Words_Precision": 0.15608068403432054,
    "Words_Recall": 0.8458646616541353,
    "ROUGELScore": 0.2517198044180765,
    "completeness": 0.4857142857142857,
    "hallucination": 0.18095238095238095,
    "irrelevance": 0.3333333333333333,
    "Words_F1": 0.2635336060186415,
    "Sentences_F1": 0.10876018049874525,
    "factual_score": 0.3047619047619048,
    "Generation_Total_Score": 0.27824085458999065,
    "Retrieval_Total_Score": 0.18614689325869338
  }
}