{
  "predictions_en_eval.jsonl": {
    "Sentences_Precision": 0.05701268054448845,
    "Sentences_Recall": 0.2826946999697846,
    "Words_Precision": 0.2250623862069854,
    "Words_Recall": 0.5713937119383647,
    "ROUGELScore": 0.19459666295196792,
    "completeness": 0.45729166666666665,
    "hallucination": 0.3802083333333333,
    "irrelevance": 0.1625,
    "Words_F1": 0.3229286148275466,
    "Sentences_F1": 0.09488862206407178,
    "factual_score": 0.07708333333333334,
    "Generation_Total_Score": 0.13583999814265063,
    "Retrieval_Total_Score": 0.20890861844580919
  },
  "score_zh.jsonl": {
    "Sentences_Precision": 0.05831285882614827,
    "Sentences_Recall": 0.80631709284677,
    "Words_Precision": 0.15608068403432054,
    "Words_Recall": 0.8458646616541353,
    "ROUGELScore": 0.2642029028841312,
    "completeness": 0.38095238095238093,
    "hallucination": 0.0,
    "irrelevance": 0.6190476190476192,
    "Words_F1": 0.2635336060186415,
    "Sentences_F1": 0.10876018049874525,
    "factual_score": 0.38095238095238093,
    "Generation_Total_Score": 0.32257764191825605,
    "Retrieval_Total_Score": 0.18614689325869338
  },
  "score_test_zh.jsonl": {
    "Sentences_Precision": 0.024904570884005366,
    "Sentences_Recall": 0.4780882106262677,
    "Words_Precision": 0.09353080613706477,
    "Words_Recall": 0.7407727190454992,
    "ROUGELScore": 0.16499008526602527,
    "completeness": 0.3904761904761905,
    "hallucination": 0.08571428571428572,
    "irrelevance": 0.5238095238095237,
    "Words_F1": 0.1660907990566379,
    "Sentences_F1": 0.04734295269446523,
    "factual_score": 0.3047619047619048,
    "Generation_Total_Score": 0.23487599501396503,
    "Retrieval_Total_Score": 0.10671687587555156
  },
  "score_en.jsonl": {
    "Sentences_Precision": 0.05701268054448845,
    "Sentences_Recall": 0.2826946999697846,
    "Words_Precision": 0.2250623862069854,
    "Words_Recall": 0.5713937119383647,
    "ROUGELScore": 0.19459666295196792,
    "completeness": 0.48333333333333334,
    "hallucination": 0.225,
    "irrelevance": 0.2916666666666667,
    "Words_F1": 0.3229286148275466,
    "Sentences_F1": 0.09488862206407178,
    "factual_score": 0.2583333333333333,
    "Generation_Total_Score": 0.22646499814265061,
    "Retrieval_Total_Score": 0.20890861844580919
  },
  "predictions_zh_eval.jsonl": {
    "Sentences_Precision": 0.05831285882614827,
    "Sentences_Recall": 0.80631709284677,
    "Words_Precision": 0.15608068403432054,
    "Words_Recall": 0.8458646616541353,
    "ROUGELScore": 0.2642029028841312,
    "completeness": 0.4857142857142857,
    "hallucination": 0.13333333333333333,
    "irrelevance": 0.38095238095238093,
    "Words_F1": 0.2635336060186415,
    "Sentences_F1": 0.10876018049874525,
    "factual_score": 0.35238095238095235,
    "Generation_Total_Score": 0.30829192763254176,
    "Retrieval_Total_Score": 0.18614689325869338
  }
}