{
  "score_zh.jsonl": {
    "Sentences_Precision": 0.03858245969315609,
    "Sentences_Recall": 0.1973520463966324,
    "Words_Precision": 0.19250935523698065,
    "Words_Recall": 0.45588133030888867,
    "ROUGELScore": 0.47003775270743187,
    "completeness": 0.7222222222222222,
    "hallucination": 0.1111111111111111,
    "irrelevance": 0.16666666666666666,
    "Words_F1": 0.2707053722971245,
    "Sentences_F1": 0.06454611071228547,
    "factual_score": 0.6111111111111112,
    "Generation_Total_Score": 0.5405744319092716,
    "Retrieval_Total_Score": 0.167625741504705
  },
  "score_en.jsonl": {
    "Sentences_Precision": 0.07918396326172997,
    "Sentences_Recall": 0.11721560455737672,
    "Words_Precision": 0.25985991811334275,
    "Words_Recall": 0.3455913369786546,
    "ROUGELScore": 0.36814964947968487,
    "completeness": 0.44000000000000006,
    "hallucination": 0.0,
    "irrelevance": 0.5599999999999999,
    "Words_F1": 0.2966558769931299,
    "Sentences_F1": 0.09451748013541024,
    "factual_score": 0.44000000000000006,
    "Generation_Total_Score": 0.40407482473984246,
    "Retrieval_Total_Score": 0.19558667856427006
  }
}