{
  "score_zh.jsonl": {
    "Sentences_Precision": 0.12680270149369027,
    "Sentences_Recall": 0.6450949210001169,
    "Words_Precision": 0.21592306222692667,
    "Words_Recall": 0.7679251109094576,
    "ROUGELScore": 0.5071256087396915,
    "completeness": 0.6666666666666665,
    "hallucination": 0.25925925925925924,
    "irrelevance": 0.07407407407407407,
    "Words_F1": 0.3370697756747003,
    "Sentences_F1": 0.21194463182409867,
    "factual_score": 0.4074074074074073,
    "Generation_Total_Score": 0.4572665080735494,
    "Retrieval_Total_Score": 0.2745072037493995
  },
  "score_en.jsonl": {
    "Sentences_Precision": 0.09648879299956256,
    "Sentences_Recall": 0.5221659851225655,
    "Words_Precision": 0.20157725552125405,
    "Words_Recall": 0.6950599337779633,
    "ROUGELScore": 0.39797736204723416,
    "completeness": 0.4833333333333334,
    "hallucination": 0.0,
    "irrelevance": 0.5166666666666666,
    "Words_F1": 0.3125194349416859,
    "Sentences_F1": 0.16287974305423628,
    "factual_score": 0.4833333333333334,
    "Generation_Total_Score": 0.4406553476902838,
    "Retrieval_Total_Score": 0.23769958899796106
  }
}