{
  "score_zh.jsonl": {
    "Sentences_Precision": 0.037358487970981596,
    "Sentences_Recall": 0.136633752345005,
    "Words_Precision": 0.19251070061286624,
    "Words_Recall": 0.4708187892931921,
    "ROUGELScore": 0.323123960190565,
    "completeness": 0.37407407407407406,
    "hallucination": 0.3333333333333333,
    "irrelevance": 0.29259259259259257,
    "Words_F1": 0.27328094519473295,
    "Sentences_F1": 0.058674230346604114,
    "factual_score": 0.040740740740740744,
    "Generation_Total_Score": 0.18193235046565287,
    "Retrieval_Total_Score": 0.16597758777066854
  },
  "score_en.jsonl": {
    "Sentences_Precision": 0.01440677966101695,
    "Sentences_Recall": 0.04594594594594595,
    "Words_Precision": 0.23474864719082097,
    "Words_Recall": 0.3155910733820323,
    "ROUGELScore": 0.16984574343134656,
    "completeness": 0.31,
    "hallucination": 0.25,
    "irrelevance": 0.44000000000000006,
    "Words_F1": 0.269232166142091,
    "Sentences_F1": 0.02193548387096774,
    "factual_score": 0.06,
    "Generation_Total_Score": 0.11492287171567328,
    "Retrieval_Total_Score": 0.14558382500652936
  }
}