{
  "predictions_en_eval.jsonl": {
    "Sentences_Precision": 0.043909502023431614,
    "Sentences_Recall": 0.24647004720441765,
    "Words_Precision": 0.15755514404966658,
    "Words_Recall": 0.6335572729725575,
    "ROUGELScore": 0.177200485934793,
    "completeness": 0.46979166666666666,
    "hallucination": 0.3177083333333333,
    "irrelevance": 0.2125,
    "Words_F1": 0.2523540403590987,
    "Sentences_F1": 0.07453952639030907,
    "factual_score": 0.15208333333333335,
    "Generation_Total_Score": 0.16464190963406317,
    "Retrieval_Total_Score": 0.1634467833747039
  },
  "score_zh.jsonl": {
    "Sentences_Precision": 0.03506047701494551,
    "Sentences_Recall": 0.8463534895710648,
    "Words_Precision": 0.08801378954196364,
    "Words_Recall": 0.8571428571428571,
    "ROUGELScore": 0.3314522677258075,
    "completeness": 0.5619047619047619,
    "hallucination": 0.05714285714285715,
    "irrelevance": 0.38095238095238093,
    "Words_F1": 0.15963574144154702,
    "Sentences_F1": 0.06733171515890571,
    "factual_score": 0.5047619047619047,
    "Generation_Total_Score": 0.4181070862438561,
    "Retrieval_Total_Score": 0.11348372830022636
  },
  "score_en.jsonl": {
    "Sentences_Precision": 0.08052461063283209,
    "Sentences_Recall": 0.6232094658710613,
    "Words_Precision": 0.18332205851332023,
    "Words_Recall": 0.7672903778763428,
    "ROUGELScore": 0.2986718222747677,
    "completeness": 0.5354166666666667,
    "hallucination": 0.46458333333333335,
    "irrelevance": 0.0,
    "Words_F1": 0.2959381682065359,
    "Sentences_F1": 0.14262120098339398,
    "factual_score": 0.0708333333333333,
    "Generation_Total_Score": 0.1847525778040505,
    "Retrieval_Total_Score": 0.21927968459496494
  },
  "predictions_zh_eval.jsonl": {
    "Sentences_Precision": 0.03521314316490353,
    "Sentences_Recall": 0.7689725371901124,
    "Words_Precision": 0.0842189166135567,
    "Words_Recall": 0.8374384236453202,
    "ROUGELScore": 0.19689352744024702,
    "completeness": 0.7047619047619048,
    "hallucination": 0.009523809523809514,
    "irrelevance": 0.2857142857142857,
    "Words_F1": 0.1530463735039825,
    "Sentences_F1": 0.06734250734233592,
    "factual_score": 0.6952380952380953,
    "Generation_Total_Score": 0.44606581133917117,
    "Retrieval_Total_Score": 0.1101944404231592
  }
}