{
  "score_zh.jsonl": {
    "Sentences_Precision": 0.08979094992426338,
    "Sentences_Recall": 0.4576459050958166,
    "Words_Precision": 0.17860547086488285,
    "Words_Recall": 0.7091255301044321,
    "ROUGELScore": 0.37734425372800906,
    "completeness": 0.5925925925925926,
    "hallucination": 0.2222222222222222,
    "irrelevance": 0.18518518518518517,
    "Words_F1": 0.2853425172001842,
    "Sentences_F1": 0.150126759536478,
    "factual_score": 0.37037037037037035,
    "Generation_Total_Score": 0.3738573120491897,
    "Retrieval_Total_Score": 0.21773463836833112
  },
  "score_en.jsonl": {
    "Sentences_Precision": 0.09846900645398557,
    "Sentences_Recall": 0.4188545305455258,
    "Words_Precision": 0.21377431367987004,
    "Words_Recall": 0.6095350564270212,
    "ROUGELScore": 0.35917213975304174,
    "completeness": 0.4916666666666666,
    "hallucination": 0.03333333333333333,
    "irrelevance": 0.475,
    "Words_F1": 0.3165345691002884,
    "Sentences_F1": 0.15945220552223754,
    "factual_score": 0.45833333333333326,
    "Generation_Total_Score": 0.4087527365431875,
    "Retrieval_Total_Score": 0.23799338731126296
  }
}