{
  "predictions_en_eval.jsonl": {
    "Sentences_Precision": 0.043606742930032354,
    "Sentences_Recall": 0.4444962598726103,
    "Words_Precision": 0.17863523856545907,
    "Words_Recall": 0.7500584171110539,
    "ROUGELScore": 0.24341328923932826,
    "completeness": 0.39479166666666665,
    "hallucination": 0.4302083333333333,
    "irrelevance": 0.175,
    "Words_F1": 0.2885491108067495,
    "Sentences_F1": 0.07942190081327166,
    "factual_score": -0.03541666666666665,
    "Generation_Total_Score": 0.1039983112863308,
    "Retrieval_Total_Score": 0.18398550581001058
  },
  "score_zh.jsonl": {
    "Sentences_Precision": 0.11013548628176732,
    "Sentences_Recall": 0.5884018779803355,
    "Words_Precision": 0.2104073770157267,
    "Words_Recall": 0.7590784612393051,
    "ROUGELScore": 0.48843833000452624,
    "completeness": 0.8095238095238094,
    "hallucination": 0.09523809523809523,
    "irrelevance": 0.09523809523809523,
    "Words_F1": 0.3294853863280085,
    "Sentences_F1": 0.18554176276289744,
    "factual_score": 0.7142857142857142,
    "Generation_Total_Score": 0.6013620221451202,
    "Retrieval_Total_Score": 0.257513574545453
  },
  "score_test_zh.jsonl": {
    "Sentences_Precision": 0.024904570884005366,
    "Sentences_Recall": 0.4780882106262677,
    "Words_Precision": 0.09353080613706477,
    "Words_Recall": 0.7407727190454992,
    "ROUGELScore": 0.16499008526602527,
    "completeness": 0.3904761904761905,
    "hallucination": 0.08571428571428572,
    "irrelevance": 0.5238095238095237,
    "Words_F1": 0.1660907990566379,
    "Sentences_F1": 0.04734295269446523,
    "factual_score": 0.3047619047619048,
    "Generation_Total_Score": 0.23487599501396503,
    "Retrieval_Total_Score": 0.10671687587555156
  },
  "score_en.jsonl": {
    "Sentences_Precision": 0.10942058147484013,
    "Sentences_Recall": 0.48991192870600064,
    "Words_Precision": 0.23410837638209642,
    "Words_Recall": 0.6914717327569102,
    "ROUGELScore": 0.21597615374370213,
    "completeness": 0.3875,
    "hallucination": 0.20833333333333331,
    "irrelevance": 0.4041666666666667,
    "Words_F1": 0.34978998159417785,
    "Sentences_F1": 0.178887169308723,
    "factual_score": 0.1791666666666667,
    "Generation_Total_Score": 0.19757141020518443,
    "Retrieval_Total_Score": 0.26433857545145045
  },
  "predictions_zh_eval.jsonl": {
    "Sentences_Precision": 0.05831285882614827,
    "Sentences_Recall": 0.80631709284677,
    "Words_Precision": 0.15608068403432054,
    "Words_Recall": 0.8458646616541353,
    "ROUGELScore": 0.2517198044180765,
    "completeness": 0.4857142857142857,
    "hallucination": 0.18095238095238095,
    "irrelevance": 0.3333333333333333,
    "Words_F1": 0.2635336060186415,
    "Sentences_F1": 0.10876018049874525,
    "factual_score": 0.3047619047619048,
    "Generation_Total_Score": 0.27824085458999065,
    "Retrieval_Total_Score": 0.18614689325869338
  }
}