{
  "predictions_en_eval.jsonl": {
    "Sentences_Precision": 0.043606742930032354,
    "Sentences_Recall": 0.4444962598726103,
    "Words_Precision": 0.17863523856545907,
    "Words_Recall": 0.7500584171110539,
    "ROUGELScore": 0.24341328923932826,
    "completeness": 0.39479166666666665,
    "hallucination": 0.4302083333333333,
    "irrelevance": 0.175,
    "Words_F1": 0.2885491108067495,
    "Sentences_F1": 0.07942190081327166,
    "factual_score": -0.03541666666666665,
    "Generation_Total_Score": 0.1039983112863308,
    "Retrieval_Total_Score": 0.18398550581001058
  },
  "score_zh.jsonl": {
    "Sentences_Precision": 0.04803234167697634,
    "Sentences_Recall": 0.1756719673007207,
    "Words_Precision": 0.24044109650224701,
    "Words_Recall": 0.5124366361894398,
    "ROUGELScore": 0.48355372645290284,
    "completeness": 0.7047619047619049,
    "hallucination": 0.21904761904761902,
    "irrelevance": 0.07619047619047618,
    "Words_F1": 0.32730633765142414,
    "Sentences_F1": 0.07543829615991958,
    "factual_score": 0.4857142857142859,
    "Generation_Total_Score": 0.48463400608359436,
    "Retrieval_Total_Score": 0.20137231690567187
  },
  "score_test_zh.jsonl": {
    "Sentences_Precision": 0.024904570884005366,
    "Sentences_Recall": 0.4780882106262677,
    "Words_Precision": 0.09353080613706477,
    "Words_Recall": 0.7407727190454992,
    "ROUGELScore": 0.16499008526602527,
    "completeness": 0.3904761904761905,
    "hallucination": 0.08571428571428572,
    "irrelevance": 0.5238095238095237,
    "Words_F1": 0.1660907990566379,
    "Sentences_F1": 0.04734295269446523,
    "factual_score": 0.3047619047619048,
    "Generation_Total_Score": 0.23487599501396503,
    "Retrieval_Total_Score": 0.10671687587555156
  },
  "score_en.jsonl": {
    "Sentences_Precision": 0.20549400398397039,
    "Sentences_Recall": 0.3313488909275798,
    "Words_Precision": 0.37348947193156695,
    "Words_Recall": 0.5458908303733906,
    "ROUGELScore": 0.4031199871596601,
    "completeness": 0.5270833333333333,
    "hallucination": 0.125,
    "irrelevance": 0.34791666666666665,
    "Words_F1": 0.4435258781535521,
    "Sentences_F1": 0.2536690378423458,
    "factual_score": 0.40208333333333335,
    "Generation_Total_Score": 0.4026016602464967,
    "Retrieval_Total_Score": 0.34859745799794895
  },
  "predictions_zh_eval.jsonl": {
    "Sentences_Precision": 0.05831285882614827,
    "Sentences_Recall": 0.80631709284677,
    "Words_Precision": 0.15608068403432054,
    "Words_Recall": 0.8458646616541353,
    "ROUGELScore": 0.2517198044180765,
    "completeness": 0.4857142857142857,
    "hallucination": 0.18095238095238095,
    "irrelevance": 0.3333333333333333,
    "Words_F1": 0.2635336060186415,
    "Sentences_F1": 0.10876018049874525,
    "factual_score": 0.3047619047619048,
    "Generation_Total_Score": 0.27824085458999065,
    "Retrieval_Total_Score": 0.18614689325869338
  }
}