{
  "score_zh.jsonl": {
    "Sentences_Precision": 0.10586463040880995,
    "Sentences_Recall": 0.08901470472595736,
    "Words_Precision": 0.3824056405509298,
    "Words_Recall": 0.42312903452954703,
    "ROUGELScore": 0.27776541446225234,
    "completeness": 0.5148148148148147,
    "hallucination": 0.24074074074074073,
    "irrelevance": 0.2444444444444444,
    "Words_F1": 0.4017379623510375,
    "Sentences_F1": 0.0967112168177921,
    "factual_score": 0.274074074074074,
    "Generation_Total_Score": 0.2759197442681632,
    "Retrieval_Total_Score": 0.2492245895844148
  },
  "score_en.jsonl": {
    "Sentences_Precision": 0.12128374482223328,
    "Sentences_Recall": 0.476890797329112,
    "Words_Precision": 0.20296676329280966,
    "Words_Recall": 0.6623545359481169,
    "ROUGELScore": 0.3575586390243649,
    "completeness": 0.6008333333333333,
    "hallucination": 0.2833333333333333,
    "irrelevance": 0.11583333333333332,
    "Words_F1": 0.31071916623716433,
    "Sentences_F1": 0.19338536729870195,
    "factual_score": 0.3175,
    "Generation_Total_Score": 0.33752931951218246,
    "Retrieval_Total_Score": 0.25205226676793313
  }
}