{
  "predictions_en_eval.jsonl": {
    "Sentences_Precision": 0.06679020777110724,
    "Sentences_Recall": 0.5441525608647891,
    "Words_Precision": 0.1780180548947348,
    "Words_Recall": 0.7689460146635603,
    "ROUGELScore": 0.25199076724297303,
    "completeness": 0.55625,
    "hallucination": 0.41874999999999996,
    "irrelevance": 0.025,
    "Words_F1": 0.2891055283930992,
    "Sentences_F1": 0.11897697940017463,
    "factual_score": 0.13750000000000007,
    "Generation_Total_Score": 0.19474538362148655,
    "Retrieval_Total_Score": 0.2040412538966369
  },
  "score_zh.jsonl": {
    "Sentences_Precision": 0.03506047701494551,
    "Sentences_Recall": 0.8463534895710648,
    "Words_Precision": 0.08801378954196364,
    "Words_Recall": 0.8571428571428571,
    "ROUGELScore": 0.3314522677258075,
    "completeness": 0.5619047619047619,
    "hallucination": 0.05714285714285715,
    "irrelevance": 0.38095238095238093,
    "Words_F1": 0.15963574144154702,
    "Sentences_F1": 0.06733171515890571,
    "factual_score": 0.5047619047619047,
    "Generation_Total_Score": 0.4181070862438561,
    "Retrieval_Total_Score": 0.11348372830022636
  },
  "score_en.jsonl": {
    "Sentences_Precision": 0.08052461063283209,
    "Sentences_Recall": 0.6232094658710613,
    "Words_Precision": 0.18332205851332023,
    "Words_Recall": 0.7672903778763428,
    "ROUGELScore": 0.2986718222747677,
    "completeness": 0.5354166666666667,
    "hallucination": 0.46458333333333335,
    "irrelevance": 0.0,
    "Words_F1": 0.2959381682065359,
    "Sentences_F1": 0.14262120098339398,
    "factual_score": 0.0708333333333333,
    "Generation_Total_Score": 0.1847525778040505,
    "Retrieval_Total_Score": 0.21927968459496494
  },
  "predictions_zh_eval.jsonl": {
    "Sentences_Precision": 0.03503110060750941,
    "Sentences_Recall": 0.8463534895710648,
    "Words_Precision": 0.08849160684689353,
    "Words_Recall": 0.8571428571428571,
    "ROUGELScore": 0.2461011675025131,
    "completeness": 0.6095238095238095,
    "hallucination": 0.19999999999999998,
    "irrelevance": 0.19047619047619047,
    "Words_F1": 0.16042128669018316,
    "Sentences_F1": 0.06727754166129368,
    "factual_score": 0.4095238095238095,
    "Generation_Total_Score": 0.3278124885131613,
    "Retrieval_Total_Score": 0.11384941417573842
  }
}