{
  "predictions_en_eval.jsonl": {
    "Sentences_Precision": 0.0909605219938965,
    "Sentences_Recall": 0.6972301850599271,
    "Words_Precision": 0.1851433690830015,
    "Words_Recall": 0.789318008786359,
    "ROUGELScore": 0.2748048465411007,
    "completeness": 0.6104166666666666,
    "hallucination": 0.38958333333333334,
    "irrelevance": 0.0,
    "Words_F1": 0.29993388910726904,
    "Sentences_F1": 0.1609265905202336,
    "factual_score": 0.22083333333333327,
    "Generation_Total_Score": 0.247819089937217,
    "Retrieval_Total_Score": 0.23043023981375133
  },
  "score_zh.jsonl": {
    "Sentences_Precision": 0.03506047701494551,
    "Sentences_Recall": 0.8463534895710648,
    "Words_Precision": 0.08801378954196364,
    "Words_Recall": 0.8571428571428571,
    "ROUGELScore": 0.3314522677258075,
    "completeness": 0.5619047619047619,
    "hallucination": 0.05714285714285715,
    "irrelevance": 0.38095238095238093,
    "Words_F1": 0.15963574144154702,
    "Sentences_F1": 0.06733171515890571,
    "factual_score": 0.5047619047619047,
    "Generation_Total_Score": 0.4181070862438561,
    "Retrieval_Total_Score": 0.11348372830022636
  },
  "score_en.jsonl": {
    "Sentences_Precision": 0.08052461063283209,
    "Sentences_Recall": 0.6232094658710613,
    "Words_Precision": 0.18332205851332023,
    "Words_Recall": 0.7672903778763428,
    "ROUGELScore": 0.2986718222747677,
    "completeness": 0.5354166666666667,
    "hallucination": 0.46458333333333335,
    "irrelevance": 0.0,
    "Words_F1": 0.2959381682065359,
    "Sentences_F1": 0.14262120098339398,
    "factual_score": 0.0708333333333333,
    "Generation_Total_Score": 0.1847525778040505,
    "Retrieval_Total_Score": 0.21927968459496494
  },
  "predictions_zh_eval.jsonl": {
    "Sentences_Precision": 0.03732871463011454,
    "Sentences_Recall": 0.8463534895710648,
    "Words_Precision": 0.09248728049623409,
    "Words_Recall": 0.8571428571428571,
    "ROUGELScore": 0.2211636317389461,
    "completeness": 0.6285714285714284,
    "hallucination": 0.3238095238095238,
    "irrelevance": 0.047619047619047616,
    "Words_F1": 0.16695934282583494,
    "Sentences_F1": 0.07150373231055215,
    "factual_score": 0.3047619047619046,
    "Generation_Total_Score": 0.26296276825042536,
    "Retrieval_Total_Score": 0.11923153756819355
  }
}